Test	AllSol	Habro	Mega	Nova
ImmVRandom	0.0187981201879812	0.0767923207679232	1	0.112288771122888
CanVRandom	0.0241975802419758	0.0204979502049795	0.438256174382562	0.0910908909109089
NonCanVRandom	0.100989901009899	0.338066193380662	0.861113888611139	0.29047095290471
CanVNonCan	0.218678132186781	0.112488751124888	0.429457054294571	0.316468353164684
