Test	AllSol	Habro	Mega	Nova
ImmVRandom	0.0180981901809819	0.107589241075892	1	0.113988601139886
CanVRandom	0.0230976902309769	0.0211978802119788	0.444555544445555	0.090990900909909
NonCanVRandom	0.105789421057894	0.463853614638536	0.856214378562144	0.356364363563644
CanVNonCan	0.21957804219578	0.102289771022898	0.425657434256574	0.308369163083692
