Test	AllComplex	AllOrigin	AllOriginEpi	Apis	CorbSoc	CorbSocEpi	Halictid	Meli	Xylo
ImmVRandom	0.581441855814419	0.234776522347765	0.706629337066293	0.609439056094391	0.497850214978502	0.144885511448855	0.547845215478452	0.650734926507349	0.6005399460054
CanVRandom	1	0.652934706529347	0.300569943005699	1	1	1	1	0.567943205679432	0.421357864213579
NonCanVRandom	0.418658134186581	0.33956604339566	1	0.486651334866513	0.710528947105289	0.106289371062894	0.505949405059494	0.455054494550545	0.845515448455154
CanVNonCan	0.603539646035396	1	1	0.785221477852215	1	1	0.870912908709129	0.395960403959604	0.702229777022298
