Test	AllComplex	AllOrigin	AllOriginEpi	Apis	CorbSoc	CorbSocEpi	Halictid	Meli	Xylo
ImmVRandom	0.467853214678532	0.151384861513849	0.704929507049295	0.602039796020398	0.491050894910509	0.145085491450855	0.509149085091491	0.660833916608339	0.606839316068393
CanVRandom	1	0.627837216278372	0.308869113088691	0.803319668033197	1	1	0.892110788921108	0.676932306769323	0.724227577242276
NonCanVRandom	0.429457054294571	0.340665933406659	1	0.489151084891511	0.711028897110289	0.107589241075892	0.511248875112489	0.451654834516548	0.853714628537146
CanVNonCan	0.622337766223378	1	1	0.596340365963404	1	1	1	0.425357464253575	0.715728427157284
