Test	AllSol	Habro	Mega	Nova
ImmVRandom	0.395809073633454	0.185846647082004	0.465122042728809	0.850355940250324
CanVRandom	0.590686453687077	0.00324180622507844	0.920067473318392	0.754594565314679
NonCanVRandom	0.601478783192561	0.920631733460047	0.399975297302437	0.720530228367357
CanVNonCan	0.751413921460786	0.00804644641680027	0.656337983255697	0.654465825779849
