Test	AllComplex	AllOrigin	AllOriginEpi	Apis	CorbSoc	CorbSocEpi	Halictid	Meli	Xylo
ImmVRandom	0.30708471577407	1	0.183519974139279	0.29498937736726	0.631996055117766	0.183269151812463	0.24826236908128	0.32620210314245	0.51673078488402
CanVRandom	0.450675056063193	0.462273958677285	0.191393297418275	0.493468945611673	0.723327056774953	0.519814932227068	0.281125055272473	0.866390516541352	0.180836430899081
NonCanVRandom	0.138491690503543	0.724642778781493	0.351243718337114	0.425153142214229	0.863483898156811	0.181577594717952	0.0757300544211912	0.326831598176584	0.17483509699684
CanVNonCan	0.16231140017431	0.412988177635714	0.409528604801539	0.756453986433333	1	1	0.0677029381598413	0.853419886295859	0.053722179237284
