Test	AllSol	Habro	Mega	Nova
ImmVRandom	0.460990233829797	0.270133663613247	0.491046260896294	0.962118158098522
CanVRandom	0.588424785143085	0.00329818016775322	0.920341201580853	0.75447036880332
NonCanVRandom	0.691061511886328	0.959989220597573	0.425401602360075	0.796908204265087
CanVNonCan	0.751396720708991	0.00576683949744706	0.657543915375275	0.735437584535533
