Test	AllComplex	AllOrigin	AllOriginEpi	Apis	CorbSoc	CorbSocEpi	Halictid	Meli	Xylo
ImmVRandom	0.449950797994069	0.228996114581238	0.422240166427805	0.694556005761256	0.705097600505972	0.145256288657515	0.683868808952675	0.544306493299211	0.492110217197263
CanVRandom	0.675296054331912	1	0.27965573770098	1	1	1	1	0.503556482304196	0.255051129656268
NonCanVRandom	0.302779740643381	0.34208105402268	0.652675204376181	0.669812652882367	1	0.109445420106431	0.659662312566995	0.323880836108455	0.706975460080377
CanVNonCan	0.279511999315916	1	0.435670893066327	1	1	1	0.868199729102233	0.267224070063969	0.44696184217952
