Test	AllSol	Habro	Mega	Nova
ImmVRandom	0.0183981601839816	0.0742925707429257	1	0.108789121087891
CanVRandom	0.0237976202379762	0.0224977502249775	0.444755524447555	0.0892910708929107
NonCanVRandom	0.107289271072893	0.35006499350065	0.856614338566143	0.282171782821718
CanVNonCan	0.223377662233777	0.112488751124888	0.428757124287571	0.311668833116688
