Test	AllComplex	AllOrigin	AllOriginEpi	Apis	CorbSoc	CorbSocEpi	Halictid	Meli	Xylo
ImmVRandom	0.354164583541646	0.229277072292771	0.419458054194581	0.800519948005199	0.493550644935506	0.145785421457854	0.638936106389361	0.510848915108489	0.609439056094391
CanVRandom	1	0.652634736526347	0.278372162783722	1	1	1	1	0.575342465753425	0.425257474252575
NonCanVRandom	0.222477752224778	0.341465853414659	1	0.77962203779622	0.703229677032297	0.110988901109889	0.657334266573343	0.318868113188681	0.844715528447155
CanVNonCan	0.603239676032397	1	1	1	1	1	1	0.325767423257674	0.708229177082292
