Test	AllComplex	AllOrigin	AllOriginEpi	Apis	CorbSoc	CorbSocEpi	Halictid	Meli	Xylo
ImmVRandom	0.303286168332023	1	0.151426658679688	0.289211318708398	0.745540862708379	0.179036948770575	0.347765089694683	0.286163321015135	0.427377800031254
CanVRandom	0.450036779207389	0.452643648867252	0.190224360363903	0.492748174919692	0.723308425988301	0.515845607493093	0.245789527824446	0.866374729321253	0.180695556959918
NonCanVRandom	0.134836327741062	0.856830632291099	0.296550049456004	0.41878674584877	1	0.209949851726811	0.112254329702117	0.265587607242908	0.127992142467106
CanVNonCan	0.160987259849456	0.416350497054219	0.53105162193174	0.875001915565278	1	1	0.0686431437890827	0.780808382099664	0.0508515875819092
