Test	AllSol	Habro	Mega	Nova
ImmVRandom	0.019720584444853	0.0733537586249461	0.865308584897793	0.113314766387087
CanVRandom	0.024917666298868	0.020835821346068	0.43956809475594	0.0921392903820829
NonCanVRandom	0.105393403208657	0.349535182587175	1	0.283980582335822
CanVNonCan	0.216848657818459	0.112568858007112	0.422908257315083	0.315413174976794
