Gene	dN/dS
LOC102656442	  0.00010
LOC409219	  0.09015
LOC409362	  0.03509
LOC409366	  0.14844
LOC409872	  0.07205
LOC409953	  0.13549
LOC410442	  0.11906
LOC411410	  0.07364
LOC411991	  0.02415
LOC412596	  0.07135
LOC412663	  0.06739
LOC412778	  0.06558
LOC550824	  0.06983
LOC551870	  0.01635
LOC552234	  0.03656
LOC552733	  0.04763
LOC724319	 999.00000
LOC724415	  0.11101
LOC727418	  0.19205
